FIRST	SECOND	SCORE
S	S	0
R	S	110
L	S	145
P	S	74
T	S	58
A	S	99
V	S	124
G	S	56
I	S	142
F	S	155
Y	S	144
C	S	112
H	S	89
Q	S	68
N	S	46
K	S	121
D	S	65
E	S	80
M	S	135
W	S	177
S	R	110
R	R	0
L	R	102
P	R	103
T	R	71
A	R	112
V	R	96
G	R	125
I	R	97
F	R	97
Y	R	77
C	R	180
H	R	29
Q	R	43
N	R	86
K	R	26
D	R	96
E	R	54
M	R	91
W	R	101
S	L	145
R	L	102
L	L	0
P	L	98
T	L	92
A	L	96
V	L	32
G	L	138
I	L	5
F	L	22
Y	L	36
C	L	198
H	L	99
Q	L	113
N	L	153
K	L	107
D	L	172
E	L	138
M	L	15
W	L	61
S	P	74
R	P	103
L	P	98
P	P	0
T	P	38
A	P	27
V	P	68
G	P	42
I	P	95
F	P	114
Y	P	110
C	P	169
H	P	77
Q	P	76
N	P	91
K	P	103
D	P	108
E	P	93
M	P	87
W	P	147
S	T	58
R	T	71
L	T	92
P	T	38
T	T	0
A	T	58
V	T	69
G	T	59
I	T	89
F	T	103
Y	T	92
C	T	149
H	T	47
Q	T	42
N	T	65
K	T	78
D	T	85
E	T	65
M	T	81
W	T	128
S	A	99
R	A	112
L	A	96
P	A	27
T	A	58
A	A	0
V	A	64
G	A	60
I	A	94
F	A	113
Y	A	112
C	A	195
H	A	86
Q	A	91
N	A	111
K	A	106
D	A	126
E	A	107
M	A	84
W	A	148
S	V	124
R	V	96
L	V	32
P	V	68
T	V	69
A	V	64
V	V	0
G	V	109
I	V	29
F	V	50
Y	V	55
C	V	192
H	V	84
Q	V	96
N	V	133
K	V	97
D	V	152
E	V	121
M	V	21
W	V	88
S	G	56
R	G	125
L	G	138
P	G	42
T	G	59
A	G	60
V	G	109
G	G	0
I	G	135
F	G	153
Y	G	147
C	G	159
H	G	98
Q	G	87
N	G	80
K	G	127
D	G	94
E	G	98
M	G	127
W	G	184
S	I	142
R	I	97
L	I	5
P	I	95
T	I	89
A	I	94
V	I	29
G	I	135
I	I	0
F	I	21
Y	I	33
C	I	198
H	I	94
Q	I	109
N	I	149
K	I	102
D	I	168
E	I	134
M	I	10
W	I	61
S	F	155
R	F	97
L	F	22
P	F	114
T	F	103
A	F	113
V	F	50
G	F	153
I	F	21
F	F	0
Y	F	22
C	F	205
H	F	100
Q	F	116
N	F	158
K	F	102
D	F	177
E	F	140
M	F	28
W	F	40
S	Y	144
R	Y	77
L	Y	36
P	Y	110
T	Y	92
A	Y	112
V	Y	55
G	Y	147
I	Y	33
F	Y	22
Y	Y	0
C	Y	194
H	Y	83
Q	Y	99
N	Y	143
K	Y	85
D	Y	160
E	Y	122
M	Y	36
W	Y	37
S	C	112
R	C	180
L	C	198
P	C	169
T	C	149
A	C	195
V	C	192
G	C	159
I	C	198
F	C	205
Y	C	194
C	C	0
H	C	174
Q	C	154
N	C	139
K	C	202
D	C	154
E	C	170
M	C	196
W	C	215
S	H	89
R	H	29
L	H	99
P	H	77
T	H	47
A	H	86
V	H	84
G	H	98
I	H	94
F	H	100
Y	H	83
C	H	174
H	H	0
Q	H	24
N	H	68
K	H	32
D	H	81
E	H	40
M	H	87
W	H	115
S	Q	68
R	Q	43
L	Q	113
P	Q	76
T	Q	42
A	Q	91
V	Q	96
G	Q	87
I	Q	109
F	Q	116
Y	Q	99
C	Q	154
H	Q	24
Q	Q	0
N	Q	46
K	Q	53
D	Q	61
E	Q	29
M	Q	101
W	Q	130
S	N	46
R	N	86
L	N	153
P	N	91
T	N	65
A	N	111
V	N	133
G	N	80
I	N	149
F	N	158
Y	N	143
C	N	139
H	N	68
Q	N	46
N	N	0
K	N	94
D	N	23
E	N	42
M	N	142
W	N	174
S	K	121
R	K	26
L	K	107
P	K	103
T	K	78
A	K	106
V	K	97
G	K	127
I	K	102
F	K	102
Y	K	85
C	K	202
H	K	32
Q	K	53
N	K	94
K	K	0
D	K	101
E	K	56
M	K	95
W	K	110
S	D	65
R	D	96
L	D	172
P	D	108
T	D	85
A	D	126
V	D	152
G	D	94
I	D	168
F	D	177
Y	D	160
C	D	154
H	D	81
Q	D	61
N	D	23
K	D	101
D	D	0
E	D	45
M	D	160
W	D	181
S	E	80
R	E	54
L	E	138
P	E	93
T	E	65
A	E	107
V	E	121
G	E	98
I	E	134
F	E	140
Y	E	122
C	E	170
H	E	40
Q	E	29
N	E	42
K	E	56
D	E	45
E	E	0
M	E	126
W	E	152
S	M	135
R	M	91
L	M	15
P	M	87
T	M	81
A	M	84
V	M	21
G	M	127
I	M	10
F	M	28
Y	M	36
C	M	196
H	M	87
Q	M	101
N	M	142
K	M	95
D	M	160
E	M	126
M	M	0
W	M	67
S	W	177
R	W	101
L	W	61
P	W	147
T	W	128
A	W	148
V	W	88
G	W	184
I	W	61
F	W	40
Y	W	37
C	W	215
H	W	115
Q	W	130
N	W	174
K	W	110
D	W	181
E	W	152
M	W	67
W	W	0
